{
  "$id": "portals-BRKZH-Demo-DEMO-2023-06-20T14:51:02",
  "AccessMappings": [
    {
      "Portals": [ "BRKZH-DemoPortal" ],
      "InternalUri": "https://demo.local",
      "PublicUri": "https://demo.local",
      "Tag": "demo"
    }
  ],
  "Portals": [
    {
      "Id": "BRKZH-DemoPortal",
      "Name": "Rode Kruis Ziekenhuis - DemoPortal",
      "AppConfig": "/config/CarePortal.demoportal.config.json",
      "AppSettings": [ "/settings/CarePortal.BRKZH.DemoPortal.settings.json", "/settings/CarePortal.BRKZH.environment.json" ],
      "ContentConfig": "/content/CarePortal.demoportal.content.json"
    }
  ]
}