{"ExportId":"6.2.108.0.Version1","Pages":[{"Id":"72170d9a-d4fd-4191-90ab-acc700f61f7c","Title":"SiteInfo","ContentTreeNodeId":"Page_72170d9a-d4fd-4191-90ab-acc700f61f7c","LayoutName":"OneColumn","Components":[{"Id":"Component_72170d9a-d4fd-4191-90ab-acc700f61f7c_0_ChipSoft.SharePoint.Diagnostics.WebControls.EnvironmentInformationWebPart","Configuration":{"$type":"ChipSoft.SharePoint.Diagnostics.Settings.EnvironmentInformationSettings, ChipSoft.CarePortal.Diagnostics","ComponentId":"g_e39ef2eb_d712_4128_8cd9_6f10e1cd1592","Layout":{"Title":{"Value":"Omgevingsinformatie"},"Zone":{"Value":"FullPage"},"ZoneIndex":{"Value":0},"Hidden":{"Value":false},"TitleLayout":{"ShowTitle":false},"BorderLayout":{"ShowBorder":false}},"Roles":{"Value":null},"Clusters":{"Value":null},"ClaimConditions":{"Value":null},"WpCssClassName":{"Value":null}}}],"Connections":[],"Properties":{}},{"Id":"f4064432-6f2d-4759-a904-dfd6492750a3","Title":"Introductiepagina","ContentTreeNodeId":"Page_f4064432-6f2d-4759-a904-dfd6492750a3","LayoutName":"OneColumn","Components":[{"Id":"Component_f4064432-6f2d-4759-a904-dfd6492750a3_0_ChipSoft.SharePoint.Diagnostics.WebControls.PingWebPart","Configuration":{"$type":"ChipSoft.SharePoint.Diagnostics.Settings.PingWidgetSettings, ChipSoft.CarePortal.Diagnostics","ComponentId":"g_9978acf3_5f49_4528_9a6b_996072a7ace9","Layout":{"Title":{"Value":"Ping URL"},"Zone":{"Value":"FullPage"},"ZoneIndex":{"Value":2},"Hidden":{"Value":false},"TitleLayout":{"ShowTitle":false},"BorderLayout":{"ShowBorder":false}},"Roles":{"Value":null},"Clusters":{"Value":null},"ClaimConditions":{"Value":null},"WpCssClassName":{"Value":null},"LogViewerPage":{"Enabled":false,"PageId":{"Value":null},"NavigationType":"Navigate","DialogNavigationType":"Navigate","ObjectParameterType":"CurrentObject","SourceType":"Current","RedirectDestination":"Source","OpenDialogMaximized":true,"DialogComponentIds":[]}}},{"Id":"Component_f4064432-6f2d-4759-a904-dfd6492750a3_1_ChipSoft.SharePoint.WebParts.WebControls.ContentWebPart","Configuration":{"$type":"ChipSoft.SharePoint.WebParts.Settings.ContentWebPartSettings, ChipSoft.CarePortal.WebParts","ComponentId":"g_01439312_3796_45b3_83c9_f722dd831251","Layout":{"Title":{"Value":"ChipSoft Demo Portaal"},"Zone":{"Value":"FullPage"},"ZoneIndex":{"Value":0},"Hidden":{"Value":false},"TitleLayout":{"ShowTitle":true},"BorderLayout":{"ShowBorder":false}},"Roles":{"Value":null},"Clusters":{"Value":null},"ClaimConditions":{"Value":null},"WpCssClassName":{"Value":null},"Content":{"Value":"\u003cDocument\u003e\u003cParagraph\u003e\u003cTextPart\u003e\u003cFormat /\u003e\u003cText xml:space=\"preserve\"\u003eWelkom op het ChipSoft Demo Portaal!\u003c/Text\u003e\u003c/TextPart\u003e\u003cTextPart\u003e\u003cFormat /\u003e\u003cText xml:space=\"preserve\"\u003e\r\n\u003c/Text\u003e\u003c/TextPart\u003e\u003cTextPart\u003e\u003cFormat /\u003e\u003cText xml:space=\"preserve\"\u003e\r\n\u003c/Text\u003e\u003c/TextPart\u003e\u003cTextPart\u003e\u003cFormat /\u003e\u003cText xml:space=\"preserve\"\u003eJe bent inlogd, dus de eerste grote hobbels zijn genomen. Laten we nu kijken hoe het is met de performance richting de backend. Geef een URL op van een plek binnen het netwerk waar HiX Application Services komt te draaien en meet de tijden. Kies er voor om alleen headers te downloaden (\u0027ping\u0027) of ook het volledige document of de volledige file op te halen. De requests worden uitgevoerd vanuit Zorgportaal, dus daar moet de URL resolven.\u003c/Text\u003e\u003c/TextPart\u003e\u003c/Paragraph\u003e\u003c/Document\u003e"}}}],"Connections":[],"Properties":{}}],"ContentTreeNodes":[{"Id":"Site_1a552b63-74fd-468f-897d-aa31cabefdf2","ParentId":null,"NodeType":"Site","Title":"","UrlName":null,"Roles":null,"InheritRoles":false,"Navigations":[],"IsInNavigation":false,"Properties":{},"DefaultSubNodeId":"Web_d9fbe371-a4cb-437c-9544-6e395ba1d353"},{"Id":"Web_d9fbe371-a4cb-437c-9544-6e395ba1d353","ParentId":"Site_1a552b63-74fd-468f-897d-aa31cabefdf2","NodeType":"Web","Title":"Demoportaal","UrlName":null,"Roles":[{"Id":"c18facee-0caa-4481-8805-16a78a39ddd5","Member":{"GroupName":null,"User":{"UserClaim":{"ClaimType":"http://schemas.microsoft.com/sharepoint/2009/08/claims/userlogonname","ClaimValue":"odin\\zp_master_farm","ClaimValueType":"http://www.w3.org/2001/XMLSchema#string","OriginalIssuer":"Windows"}}},"PermissionLevels":[{"Name":"ViewPages"}]},{"Id":"3fd30e99-781e-4d33-bbdd-d7fd21fe9e80","Member":{"GroupName":"Demoportaal - Eigenaars","User":null},"PermissionLevels":[{"Name":"ViewPages"}]},{"Id":"b1e02b6c-062d-4944-b3c6-717f973460f2","Member":{"GroupName":"Demoportaal - Bezoekers","User":null},"PermissionLevels":[{"Name":"ViewPages"}]},{"Id":"bdf62cb8-3a61-4599-b5c9-c910a2e5562a","Member":{"GroupName":"Demoportaal - Leden","User":null},"PermissionLevels":[{"Name":"ViewPages"}]},{"Id":"15c539e8-60dd-459d-8005-8e2ae961c991","Member":{"GroupName":"Ontwerpers","User":null},"PermissionLevels":[{"Name":"ViewPages"}]},{"Id":"f1335556-6c36-48ed-9ad0-ee4beb5e1239","Member":{"GroupName":"Hiërarchiemanagers","User":null},"PermissionLevels":[{"Name":"ViewPages"}]},{"Id":"e78ec44d-6414-4e9a-8701-86a48b5f11b1","Member":{"GroupName":"Goedkeurders","User":null},"PermissionLevels":[{"Name":"ViewPages"}]},{"Id":"50bf6fd3-5bea-4cf8-91d1-38875811a894","Member":{"GroupName":"Beperkte lezers","User":null},"PermissionLevels":[{"Name":"ViewPages"}]}],"InheritRoles":false,"Navigations":[{"RootNode":{"ChildNodes":[],"Title":null,"ContentTreeNodeId":"Web_d9fbe371-a4cb-437c-9544-6e395ba1d353","Properties":{},"LinkUrl":null},"Name":"Current","Type":"SharePoint.Publishing.Navigation.Current","Properties":{}},{"RootNode":{"ChildNodes":[{"ChildNodes":[],"Title":"Omgevingsinformatie","ContentTreeNodeId":"Page_72170d9a-d4fd-4191-90ab-acc700f61f7c","Properties":{"NodeType":"AuthoredLinkPlain","Description":""},"LinkUrl":null}],"Title":null,"ContentTreeNodeId":"Web_d9fbe371-a4cb-437c-9544-6e395ba1d353","Properties":{},"LinkUrl":null},"Name":"Global","Type":"SharePoint.Publishing.Navigation.Global","Properties":{}}],"IsInNavigation":true,"Properties":{},"DefaultSubNodeId":"Page_f4064432-6f2d-4759-a904-dfd6492750a3"},{"Id":"Page_72170d9a-d4fd-4191-90ab-acc700f61f7c","ParentId":"List_868f2c93-8b64-40f9-91b3-812175cf6998","NodeType":"Page","Title":"SiteInfo","UrlName":"SiteInfo","Roles":null,"InheritRoles":true,"Navigations":[],"IsInNavigation":true,"Properties":{},"DefaultSubNodeId":null},{"Id":"List_868f2c93-8b64-40f9-91b3-812175cf6998","ParentId":"Web_d9fbe371-a4cb-437c-9544-6e395ba1d353","NodeType":"Folder","Title":"Pagina\u0027s","UrlName":"Paginas","Roles":null,"InheritRoles":true,"Navigations":[],"IsInNavigation":false,"Properties":{},"DefaultSubNodeId":null},{"Id":"Page_f4064432-6f2d-4759-a904-dfd6492750a3","ParentId":"List_868f2c93-8b64-40f9-91b3-812175cf6998","NodeType":"Page","Title":"Introductiepagina","UrlName":"default","Roles":null,"InheritRoles":true,"Navigations":[],"IsInNavigation":false,"Properties":{},"DefaultSubNodeId":null}],"ContentTreeRootId":"Site_1a552b63-74fd-468f-897d-aa31cabefdf2","UserGroups":[{"Name":"Beperkte lezers","Description":"Leden van deze groep kunnen pagina\u0027s en documenten weergeven, maar geen historische versies weergeven of informatie over gebruikersrechten bekijken.","Users":[{"UserClaim":{"ClaimType":"http://schemas.microsoft.com/ws/2008/06/identity/claims/role","ClaimValue":"beheerrol","ClaimValueType":"http://www.w3.org/2001/XMLSchema#string","OriginalIssuer":"ClaimProvider:zorgportaalclaimprovider"}}]},{"Name":"Demoportaal - Bezoekers","Description":"Gebruik deze groep om personen leesmachtigingen te verlenen voor de SharePoint-site: Demoportaal","Users":[]},{"Name":"Demoportaal - Eigenaars","Description":"Gebruik deze groep om personen machtigingen te verlenen voor volledig beheer van de SharePoint-site: Demoportaal","Users":[{"UserClaim":{"ClaimType":"http://schemas.microsoft.com/sharepoint/2009/08/claims/userlogonname","ClaimValue":"odin\\zp_master_farm","ClaimValueType":"http://www.w3.org/2001/XMLSchema#string","OriginalIssuer":"Windows"}}]},{"Name":"Demoportaal - Leden","Description":"Gebruik deze groep om personen machtigingen te verlenen voor het leveren van bijdragen op de SharePoint-site: Demoportaal","Users":[]},{"Name":"Goedkeurders","Description":"Leden van deze groep kunnen pagina\u0027s, lijstitems en documenten bewerken en goedkeuren.","Users":[]},{"Name":"Hiërarchiemanagers","Description":"Leden van deze groep kunnen sites, lijsten, lijstitems en documenten maken. ","Users":[]},{"Name":"Lezers van stijlresources","Description":"Gebruik deze groep om leesmachtigingen te verlenen aan de basispaginagalerie en stijlbibliotheek, die vereist zijn voor het bladeren op deze site. Verwijder deze groep niet.","Users":[{"UserClaim":{"ClaimType":"http://sharepoint.microsoft.com/claims/2009/08/isauthenticated","ClaimValue":"true","ClaimValueType":"http://www.w3.org/2001/XMLSchema#string","OriginalIssuer":"SecurityTokenService"}},{"UserClaim":{"ClaimType":"http://schemas.microsoft.com/sharepoint/2009/08/claims/identityprovider","ClaimValue":"windows","ClaimValueType":"http://www.w3.org/2001/XMLSchema#string","OriginalIssuer":"SecurityTokenService"}}]},{"Name":"Ontwerpers","Description":"Leden van deze groep kunnen lijsten, documentbibliotheken en pagina\u0027s op de site bewerken. Ontwerpers kunnen hoofdpagina\u0027s en pagina-indelingen maken in de galerie met hoofdpagina\u0027s en kunnen het gedrag en uiterlijk van elke site in de siteverzameling wijzigen met behulp van hoofdpagina\u0027s en CSS-bestanden.  ","Users":[]},{"Name":"Vertaalbeheerders","Description":"Leden van deze groep kunnen pagina\u0027s, lijstitems en documenten vertalen in Variaties.","Users":[]}]}